{"cameraMode":{"drawMode":0,"name":"Shaded","section":"Shading Mode"},"sceneLighting":true,"audioPlay":false,"sceneViewState":{"m_AlwaysRefresh":false,"showFog":true,"showSkybox":false,"showFlares":true,"showImageEffects":true,"showParticleSystems":true,"showVisualEffectGraphs":true,"m_FxEnabled":true},"in2DMode":false,"pivot":{"x":0.9773356914520264,"y":-2.435582160949707,"z":1.8636999130249024},"rotation":{"x":-0.3444998562335968,"y":-0.24295161664485932,"z":0.09278926998376847,"w":-0.9020633101463318},"size":3.2660250663757326,"orthographic":false}